District,Target Keyword,Search Intent,Estimated Monthly Volume,Difficulty,Content Strategy
Kollam,interior designers in Kollam,High Commercial,300-500,Medium,Optimize Homepage & GBP; target turnkey solutions.
Kollam,modular kitchen Kollam,High Commercial,200-400,High,Dedicated blog post & portfolio gallery targeting kitchens.
Kollam,home interior design Kollam,Informational/Commercial,100-200,Low,Include in H2 tags on Services page.
Kollam,budget interior designers Kollam,Commercial,50-150,Low,Address in pricing/cost blog posts.
Alappuzha,interior designers in Alappuzha,High Commercial,200-400,Medium,Optimize GBP Service Areas; showcase modern architecture.
Alappuzha,Alappuzha home decor,Informational,100-150,Low,Create Pinterest boards and link to site.
Alappuzha,modular kitchen designers Alappuzha,High Commercial,100-250,Medium,Combine with space-saving blogs.
Alappuzha,turnkey interiors Alappuzha,Commercial,50-100,Low,Highlight full project management in service descriptions.
Pathanamthitta,interior designers Pathanamthitta,High Commercial,150-300,Medium,Focus on luxury, premium materials, and NRI services.
Pathanamthitta,Kerala style interior design Pathanamthitta,Informational,50-100,Low,Blog on modern vs traditional fusion.
Pathanamthitta,custom furniture Pathanamthitta,Commercial,50-150,Medium,Highlight carpenter expertise on About/Services pages.
Pathanamthitta,NRI home renovation Pathanamthitta,Highly Specific Commercial,20-50,Low,Dedicated blog on remote project management.
